variant,strand_correlation,variance,vmr,alt_ref_statistic,alt_uniform_statistic,ref_uniform_statistic,max_heteroplasmy,n_cells_over_5,n_cells_over_10,n_cells_over_20,n_cells_over_95,n_cells_conf_detected,mean,pass_strand_correlation,pass_vmr,pass_position_bias,pass_homoplasmic,pass_filters
10068_G_A,0.7106690545187012,5.72583627054522e-05,0.1339992627075571,0.2416562968635334,0.18,0.0634880827031683,0.1666638889351844,5,4,0,0,1,0.0004273035653219,True,True,True,True,True
10121_A_C,1.0,0.0010892085382321,0.9006997787705808,0.1666469000706326,0.2014285714285714,0.1042229355767102,0.9999916667361104,2,2,2,1,2,0.0012092914463894,True,True,True,True,True
10161_A_G,0.9949868235306598,0.000669988004325,0.8546908848415606,0.1497711273492266,0.1704878048780488,0.0856677978290672,0.9999969697061524,2,1,1,1,2,0.0007838951089892,True,True,True,True,True
10182_G_A,0.9637135397850932,0.0004155325761692,0.4979372666785583,0.1062632042545018,0.2147368421052631,0.1498175412105197,0.7777748971300107,4,1,1,0,1,0.0008345078867885,True,True,True,True,True
10266_G_A,0.8552359741197579,2.240499014027711e-05,0.0856483022833847,0.2254538417359602,0.2,0.0776562539016655,0.1216214572683009,4,1,0,0,1,0.0002615929276233,True,True,True,True,True
10275_T_C,0.9750677153871016,0.0006691314814794,0.84799375651885,0.2377302019360676,0.3354545454545455,0.1072035421507167,0.9999928571938772,2,1,1,1,1,0.0007890759529012,True,True,True,True,True
10290_G_A,0.8058066296105564,0.0001728180121414,0.2330849207223493,0.2779266445414195,0.2814285714285715,0.0891785146639377,0.4583314236190682,6,2,1,0,1,0.0007414379772227,True,True,True,True,True
10371_G_A,1.0,4.322821832155277e-05,0.2105954827599125,0.2873382726971137,0.31,0.0660234435474952,0.2499979166840276,1,1,1,0,1,0.0002052665981009,True,True,True,True,True
10393_A_G,0.8885233166386384,5.341308675822378e-05,0.2143342837431279,0.3368984243046202,0.2555555555555556,0.1793323071002501,0.2777762345764746,1,1,1,0,1,0.0002492045874575,True,True,True,True,True
10401_G_A,0.8297738186782795,0.0001152909030216,0.2366498109761665,0.1740520251876701,0.2733333333333332,0.1925622129952979,0.3529391003582331,3,2,1,0,1,0.0004871793581666,True,True,True,True,True
10404_T_C,0.7044434693456668,0.0005342049700374,0.64509077303008,0.2858649604113711,0.3188888888888889,0.2085721798580069,0.8888790124554172,2,1,1,0,1,0.0008281082172795,True,True,True,True,True
10533_T_C,0.7284903804100092,0.0003485936538761,0.4801876715096393,0.2132950263752825,0.24,0.1447475508666165,0.7142806122813409,2,1,1,0,1,0.0007259529441484,True,True,True,True,True
10569_G_A,1.0,0.0003394170158423,0.6903787513659215,0.2503375309914819,0.3166666666666666,0.0697049365441735,0.7142755103498521,1,1,1,0,1,0.000491638850661,True,True,True,True,True
10685_G_A,0.9764687687561724,0.0005324298187172,0.6528236781938503,0.1773219775235599,0.18,0.1404826219153689,0.8888839506447187,3,1,1,0,1,0.0008155798211706,True,True,True,True,True
10695_G_A,0.9665562887066,8.168820957543826e-05,0.1864187150687719,0.2843686060970858,0.2171428571428571,0.2144835301226462,0.3278683149699754,2,1,1,0,1,0.0004381974714572,True,True,True,True,True
1079_G_A,0.9878291611472616,1.784895507637059e-05,0.1240183334909038,0.2691528889063636,0.21,0.0839693711050386,0.1568624375246323,1,1,0,0,1,0.0001439219071402,True,True,True,True,True
10863_G_A,0.8031948401350149,0.0001081807831028,0.1685813379853727,0.1807110265559379,0.2345454545454545,0.0844138589788121,0.3478245746757623,7,2,1,0,1,0.000641712685376,True,True,True,True,True
10872_C_T,0.7905694150420949,5.2129349792182377e-05,0.2040504326653429,0.3004281828450243,0.3249999999999999,0.0955462068647564,0.2666648889007407,2,1,1,0,1,0.0002554728706587,True,True,True,True,True
10885_T_C,0.957845584002332,0.0003432944535527,0.353267811771096,0.1428900681312256,0.1317948717948718,0.0494942999123063,0.5208322482661494,7,3,2,0,1,0.0009717682792317,True,True,True,True,True
10974_T_C,0.9159012457570938,7.70358761738264e-05,0.1697462375995011,0.1859988637664537,0.3436842105263157,0.2240686683064663,0.3103437574353191,4,1,1,0,1,0.0004538296533887,True,True,True,True,True
11017_T_C,0.9412313856410994,0.0005723972344003,0.7604205000516008,0.2418327796234773,0.1971428571428571,0.0488178294573643,0.9230698225398266,2,1,1,0,1,0.000752737773852,True,True,True,True,True
11154_T_C,0.693516749800113,0.0003086454070025,0.4087980699155896,0.2747752998659442,0.3248387096774193,0.1423349128967374,0.6666622222518517,4,1,1,0,1,0.000755007006433,True,True,True,True,True
11243_A_G,0.9242453140226062,0.0002650216999014,0.4904326202294763,0.2796309165315419,0.3033333333333333,0.0412817543046868,0.6249960937744139,3,1,1,0,1,0.000540383508294,True,True,True,True,True
11324_T_C,0.7332137360451192,0.0001285628613783,0.279158821914615,0.3059605099076055,0.3453846153846153,0.0598399601973548,0.4166631944733794,2,2,1,0,1,0.0004605366239067,True,True,True,True,True
11404_A_G,0.9893251928372384,0.0002944479802175,0.4446216953902826,0.1420399887918587,0.289090909090909,0.1524514596462296,0.6530598917145066,4,1,1,0,1,0.0006622438429575,True,True,True,True,True
11508_T_C,0.6964708693221603,1.761958669825922e-05,0.047394912436746,0.1937410288909173,0.2174074074074073,0.0675072994686349,0.0833326388946758,3,0,0,0,1,0.0003717611404341,True,True,True,True,True
1158_T_C,0.9653029581653144,0.0003289807787292,0.4856740166649403,0.1790176166729137,0.1985714285714285,0.0471689458045907,0.6956491493515246,2,1,1,0,1,0.0006773695265566,True,True,True,True,True
1162_A_G,0.9936694873945322,4.264325676090883e-05,0.1849740154039771,0.190230028588024,0.1288888888888889,0.0735779113525295,0.2479998016001587,1,1,1,0,1,0.0002305364711242,True,True,True,True,True
11706_T_C,0.9836170539766314,0.0005616531321393,0.700340452486206,0.233003000907251,0.2814285714285715,0.118127573452439,0.913039508523876,3,1,1,0,1,0.0008019715698921,True,True,True,True,True
11711_G_A,0.7459132550660342,8.366072674150918e-05,0.1252291531337193,0.1373412568673833,0.1887878787878787,0.1422212819970383,0.2916654513939525,5,2,1,0,1,0.0006680611075615,True,True,True,True,True
11854_T_C,0.9503166437679496,0.0006756169002667,0.7081654245905025,0.1445161648621562,0.1514285714285713,0.0695656553162162,0.9999944444753084,3,1,1,1,1,0.0009540382470062,True,True,True,True,True
11890_A_G,0.9897438473977817,0.0006791103146663,0.7893783411365735,0.1290475123820901,0.1033333333333333,0.0795296050175464,0.9999958333506944,4,1,1,1,1,0.0008603102964397,True,True,True,True,True
11907_T_C,0.986850833993676,0.0005736561808445,0.8712814503171923,0.2986540937755756,0.3011764705882352,0.071778382252936,0.9285647959657432,1,1,1,0,1,0.0006584051349144,True,True,True,True,True
11914_G_A,0.9972504504932737,0.000684697548369,0.6528055578640104,0.0964060104350077,0.0912048192771084,0.0758753111295484,0.9999984375024412,5,1,1,1,2,0.0010488537361865,True,True,True,True,True
1193_T_C,0.9877629653290688,0.0005008126255495,0.7895002272192596,0.2800008997458217,0.2444444444444444,0.1235778392604088,0.8666608889274071,1,1,1,0,1,0.0006343413317478,True,True,True,True,True
11948_G_A,0.6579490028442163,0.0001554786179459,0.2898268243777935,0.3518744499703239,0.3175,0.1488082519801068,0.4615349112699133,3,2,1,0,1,0.0005364535124714,True,True,True,True,True
11952_T_C,0.7795119555779044,0.0001559065714446,0.3202685779354817,0.2897383326845898,0.2784615384615384,0.127238701797243,0.4666635555762962,3,1,1,0,1,0.0004867994620316,True,True,True,True,True
11975_T_C,0.9848465028343684,0.0011702605861989,0.7826846014063559,0.2409808214430979,0.1822222222222221,0.0832307814296475,0.9999952381179136,4,2,2,1,2,0.0014951879519491,True,True,True,True,True
1197_G_A,0.993303132657874,0.0006680681086759,0.8796683889729784,0.121170880919581,0.1888888888888889,0.1494620717237701,0.9999967742039542,1,1,1,1,1,0.0007594544910905,True,True,True,True,True
1201_A_G,0.9662344162888962,0.0005342425055607,0.5102231812402641,0.2204244389868956,0.25,0.080584728445286,0.799994666702222,5,2,2,0,2,0.001047076113363,True,True,True,True,True
1202_G_A,0.9592019474898784,0.0004114288720874,0.7023889396365653,0.1342620835546036,0.1452941176470588,0.0893531298962918,0.7857086735094749,1,1,1,0,1,0.0005857564788823,True,True,True,True,True
12044_T_C,0.9069722626473616,0.000685263791736,0.7007017918831374,0.2388276922738101,0.2654545454545454,0.0372358380102556,0.999990000099999,5,2,1,1,1,0.0009779678026716,True,True,True,True,True
1210_T_A,0.9806950308067904,0.0006766915275526,0.6788563782435743,0.2932314630379803,0.3223076923076923,0.0908844922897875,0.999995000025,3,1,1,1,1,0.0009968110328483,True,True,True,True,True
12168_G_A,0.7344210820653864,0.0005226416612934,0.6335004252720275,0.2373254696731197,0.2575,0.0747333237933642,0.874989062636717,4,1,1,0,1,0.0008250060149036,True,True,True,True,True
12218_C_T,0.9343111332577456,0.0002301309004115,0.3970823204209425,0.1924849731198151,0.1399999999999999,0.0772812613058628,0.5714244898250727,3,2,1,0,1,0.0005795546378585,True,True,True,True,True
1222_A_G,0.9892707215005578,0.0013016912248859,0.8356008121214528,0.1763908651109846,0.205,0.0908430563460443,0.9999966666777778,4,2,2,2,2,0.0015577907608553,True,True,True,True,True
1227_G_A,0.9632877867843544,0.0017900382763175,0.299125171865718,0.0619627242596523,0.123076923076923,0.0713388135310162,0.6444430123488614,43,27,15,0,28,0.0059842448736515,True,True,True,True,True
12298_T_C,0.8833688681833551,0.0001054698230357,0.2387316267098734,0.1507330881641343,0.185,0.1271944256266331,0.3809505669020623,4,1,1,0,1,0.0004417924197529,True,True,True,True,True
12301_G_A,0.8061435194835377,0.0001234311346403,0.2937953163974756,0.2092114188259463,0.24,0.0902796565824918,0.4166631944733794,3,1,1,0,1,0.0004201262843596,True,True,True,True,True
12367_A_G,0.8869519013324655,0.0004095375184416,0.5493506759439447,0.1465333720327469,0.1536842105263157,0.1937664957191597,0.7692248521165221,4,1,1,0,1,0.0007454937918078,True,True,True,True,True
12493_A_G,0.9158962493385588,0.0006714382818155,0.7861147396617075,0.220383360988728,0.29,0.0926276439510976,0.9999928571938772,2,1,1,1,1,0.0008541224937525,True,True,True,True,True
12622_G_A,0.9436876972199668,0.0005248295067191,0.5504221793625081,0.1540925019145529,0.1533333333333333,0.1195456127729688,0.6999965000174999,3,2,2,0,2,0.0009535035585357,True,True,True,True,True
12681_T_C,0.9046557008309876,0.000233639062036,0.4519915368244475,0.2503161251305734,0.24,0.1235158612348122,0.5833284722627311,2,1,1,0,1,0.0005169102582706,True,True,True,True,True
12685_T_C,0.7573287577613557,0.0005701791739384,0.5390314842410646,0.2863535704865136,0.2744444444444444,0.1125131121294098,0.727266115762584,4,2,2,0,2,0.001057784546187,True,True,True,True,True
12730_G_A,0.8668137748205084,0.0005681585419797,0.6517445000509015,0.1793684914493168,0.2333333333333333,0.1316910289481226,0.8999910000899991,4,2,1,0,1,0.0008717504205027,True,True,True,True,True
12731_T_C,0.9260962088660192,0.0018171053361742,0.7241137368742123,0.0903108895020898,0.1078947368421052,0.1217444101773322,0.9999941176816608,7,4,4,1,5,0.0025094197826134,True,True,True,True,True
1273_G_A,0.792163990232878,7.306759119221036e-05,0.1451483050863571,0.1758967259665186,0.1766666666666666,0.0845658205380068,0.3076911242649067,2,1,1,0,1,0.0005033995481293,True,True,True,True,True
1287_A_G,0.9468983796339407,0.0006732049027191,0.7526087724123118,0.270816635763107,0.2803225806451613,0.0373823839564871,0.9999941176816608,3,1,1,1,1,0.0008944951579043,True,True,True,True,True
12889_G_A,0.9096221374863284,0.0027480678563739,0.1916022297996558,0.0550123642290023,0.0928202923473775,0.097812686418771,0.5263150969538197,124,82,31,0,99,0.0143425671989692,True,True,True,True,True
1291_T_C,0.9570310796494144,0.0006680610676472,0.855656289687929,0.1243086087079846,0.13,0.0410239682314565,0.9999944444753084,2,1,1,1,1,0.0007807586710908,True,True,True,True,True
12957_T_C,0.9786542793133866,0.0001028442908617,0.3284544074903181,0.1130952425478501,0.157391304347826,0.0652096416220773,0.3913034971663104,1,1,1,0,1,0.0003131158800626,True,True,True,True,True
12989_T_C,0.7536891516255932,0.0001751857172595,0.2456242709072738,0.2873151616035511,0.28,0.0681176307393536,0.4666635555762962,5,2,1,0,2,0.0007132264112683,True,True,True,True,True
12997_G_A,0.9259037917815064,0.0003360948711401,0.4649712753105453,0.0970468901503384,0.1075862068965517,0.0577559377559377,0.6999965000174999,2,1,1,0,1,0.0007228293208341,True,True,True,True,True
13063_G_A,0.9454522293635316,0.0008336345405672,0.7281720327841269,0.1672457961267281,0.1517391304347826,0.1078127571280362,0.9999962963100136,2,2,2,1,2,0.0011448318570818,True,True,True,True,True
13097_T_C,0.979004400550298,0.000681833639463,0.7370201542733862,0.1411921103073022,0.1692592592592592,0.137895699181175,0.9999941176816608,3,2,1,1,1,0.000925122108954,True,True,True,True,True
13102_G_A,0.8446670201597958,0.0001277750206706,0.2654127463358219,0.1393925381488963,0.2405882352941176,0.1289904840711626,0.4210504155241288,3,1,1,0,1,0.0004814200615254,True,True,True,True,True
13105_A_G,0.9309579103841208,0.0003413699241093,0.6237166959788437,0.2538629221900818,0.265,0.0933633696127193,0.7142806122813409,2,1,1,0,1,0.0005473156744242,True,True,True,True,True
13224_T_C,0.9954400127211568,0.0008772012285329,0.7550928139299662,0.0924161617538395,0.0903508771929824,0.0628434443297346,0.97221952161244,3,2,2,1,2,0.0011617131196991,True,True,True,True,True
13309_G_A,0.9465242268365426,1.987931256830589e-05,0.0605596637480784,0.3722531385145747,0.289090909090909,0.091912162283136,0.0999990000099999,3,0,0,0,1,0.0003282599561814,True,True,True,True,True
13337_T_C,0.8017837257372731,0.0002369829403635,0.3818144398092644,0.1135748305369459,0.14,0.0426092369716013,0.5833284722627311,5,1,1,0,1,0.0006206756886458,True,True,True,True,True
13345_G_A,0.914913298650395,0.0001360387763613,0.3492132173695884,0.3451004892283424,0.3021052631578946,0.0935201739995944,0.44999775001125,1,1,1,0,1,0.000389557925058,True,True,True,True,True
13368_G_A,0.9330530236908632,0.000238697135474,0.3647681025193749,0.1519714083672572,0.1633333333333333,0.0763604915620281,0.5588218858179829,2,2,1,0,1,0.0006543805059307,True,True,True,True,True
13433_T_C,0.7071067811865475,1.1299169598576088e-05,0.0718981909327206,0.1815684035601048,0.2636363636363636,0.1313147172068333,0.1136361053724877,1,1,0,0,1,0.0001571551307758,True,True,True,True,True
13477_G_A,0.714546144465614,4.912839755408577e-05,0.1127425608973608,0.3451608603251591,0.3378260869565217,0.0549339790265825,0.238094104313789,3,1,1,0,1,0.0004357573321295,True,True,True,True,True
13481_G_A,0.9899728035445412,0.0002717038066486,0.5489293519596091,0.1877450627751229,0.24,0.052254937224877,0.6363617079948242,2,1,1,0,1,0.0004949704468866,True,True,True,True,True
13507_T_C,0.8691658237260826,1.7930423033336323e-05,0.0695073103631244,0.1755701034626763,0.2433333333333333,0.0978657514425367,0.12244872969647,2,1,0,0,1,0.0002579645642978,True,True,True,True,True
13574_T_C,0.9434800224407353,0.0004830097900892,0.5925223091877482,0.2220627468524568,0.2003448275862068,0.1356790381798466,0.8421008310482576,3,1,1,0,1,0.0008151757032597,True,True,True,True,True
13655_T_C,0.9792903662585194,0.0002554319198791,0.2978272257983161,0.1415169980756895,0.2,0.0961128928800513,0.5882341407173711,6,1,1,0,1,0.0008576513419633,True,True,True,True,True
13676_A_G,0.9827884620019646,0.0002000970876093,0.2339524081695253,0.2067791774104916,0.3153658536585365,0.1309965337954939,0.4705868512151434,5,4,1,0,1,0.0008552897111636,True,True,True,True,True
13681_A_G,0.9517680051638208,0.0006035701166476,0.4984236524416499,0.1987620044373906,0.2646511627906976,0.1201854108635097,0.7586180737307803,4,3,2,0,2,0.0012109580147147,True,True,True,True,True
13710_A_G,0.9689008622911396,0.0003919750989623,0.6432684963162236,0.1826222579995975,0.1999999999999999,0.0864681022338498,0.7647013841095053,2,1,1,0,1,0.0006093491305839,True,True,True,True,True
13722_A_G,0.7700535410868199,0.0003403101731769,0.6279094475513562,0.342200677859226,0.3,0.0644431307637739,0.7142755103498521,1,1,1,0,1,0.0005419733283263,True,True,True,True,True
13879_T_C,0.9598573029716312,0.0016347642911982,0.8045538404496537,0.1315248027475036,0.120943396226415,0.086447719676066,0.999995000025,5,3,3,1,3,0.0020318892397363,True,True,True,True,True
13911_A_G,0.9991525821266508,0.0005081669438464,0.7273073173290013,0.0819434438389793,0.178235294117647,0.1453725895468238,0.8695642722127476,3,1,1,0,1,0.0006986963168645,True,True,True,True,True
13921_T_C,0.9909018044548984,3.822857931745397e-05,0.1350527133326713,0.1336148760696044,0.1653846153846154,0.1946644703385146,0.2164946221704926,3,1,1,0,1,0.0002830641338044,True,True,True,True,True
14071_A_G,0.9938620236982504,0.0001011260236648,0.3023395425078001,0.1300684675164564,0.1866666666666666,0.0951753516940757,0.3880591222998174,1,1,1,0,1,0.0003344783246875,True,True,True,True,True
1416_A_G,0.9271096882789648,0.0006672103167786,0.8557175928229765,0.2260438917776682,0.2627272727272727,0.1030245078032379,0.9999916667361104,1,1,1,1,1,0.0007797085421342,True,True,True,True,True
1419_G_C,0.7293322910368909,3.499814244566128e-05,0.0749780093465099,0.3800962718999084,0.33,0.1293403231150001,0.1428551020699704,5,2,0,0,1,0.0004667787628758,True,True,True,True,True
14261_T_C,0.977205807208964,0.0006725203010404,0.7813864200446275,0.1774878870160476,0.2122222222222222,0.0569969088399401,0.9999958333506944,3,1,1,1,1,0.0008606756961581,True,True,True,True,True
14280_A_G,0.9776074952315004,0.0006358370790051,0.685325614155586,0.1488857060587406,0.175,0.0585138113866988,0.95999616001536,5,2,1,1,1,0.0009277882890581,True,True,True,True,True
14291_T_C,0.7920055096227093,0.000300627828429,0.3154923558227668,0.223071857969249,0.2280645161290322,0.0348292763634107,0.6428525510532068,8,1,1,0,1,0.0009528846670312,True,True,True,True,True
1447_G_C,0.921991541319131,0.0006964239759109,0.5935968476696931,0.1407617343356186,0.1743243243243243,0.0934331691064404,0.9999928571938772,5,3,1,1,1,0.0011732272141352,True,True,True,True,True
14502_T_C,0.998835557437394,0.0006732823968082,0.8475800258791146,0.0906665815756725,0.1127272727272726,0.1047790293244839,0.9999980769267752,3,1,1,1,1,0.0007943584986088,True,True,True,True,True
1456_T_C,0.9521847809927948,0.0006186255833972,0.6230445604647886,0.1118745595489781,0.1048484848484848,0.0795953925785521,0.9444391975600136,4,2,1,0,1,0.0009929074461957,True,True,True,True,True
14587_A_G,0.9461187372426554,0.0001697043425987,0.2449202833162571,0.1300495776716856,0.1285714285714285,0.1071636675235647,0.374995312558593,5,4,2,0,2,0.0006928962366892,True,True,True,True,True
14641_A_G,0.699854212223765,0.0002817177026769,0.5398450779767102,0.2481691881140377,0.3349999999999999,0.0924302332589958,0.6470550173234275,2,1,1,0,1,0.0005218491640839,True,True,True,True,True
14757_T_C,0.9090648228942844,3.263265709418518e-05,0.1324459356267566,0.240276591417531,0.3090909090909091,0.0992170022371364,0.2068958382902128,2,1,1,0,1,0.0002463847375894,True,True,True,True,True
14769_A_G,0.9755342882266488,0.0005026993711225,0.5080473208455758,0.1375459701716577,0.1022222222222222,0.0374823892695165,0.8235269896265011,6,3,2,0,2,0.0009894735204702,True,True,True,True,True
14921_G_A,0.789384863428852,0.0002037954157638,0.2554403198874308,0.0688248070496213,0.2276190476190476,0.1686144546276435,0.5333297778014814,4,1,1,0,2,0.0007978200773224,True,True,True,True,True
14927_A_G,0.909105583563418,0.0002701083145975,0.3270705724283727,0.2451110798774281,0.2755555555555555,0.1070748162135406,0.4444419753223593,3,2,2,0,2,0.0008258410794714,True,True,True,True,True
1504_T_C,0.9763484766465828,0.0006668237091682,0.8805688509652606,0.1647530150338675,0.2299999999999999,0.1423788020632561,0.9999923077514788,1,1,1,1,1,0.0007572647027398,True,True,True,True,True
15129_T_C,0.7389969586232195,3.331305885347844e-05,0.0879561596650361,0.1803292837204654,0.2247826086956521,0.114576955893364,0.17999964000072,4,1,0,0,1,0.00037874617287,True,True,True,True,True
15153_G_A,0.9061156528873708,0.00032753552245,0.3993306057446726,0.2128400148157919,0.2327272727272727,0.0850988818812673,0.6842069252267093,5,1,1,0,1,0.0008202114181537,True,True,True,True,True
15184_T_C,0.844737602870711,0.0002475945079383,0.3858917332747534,0.1207370635565069,0.2049999999999999,0.0884867498339115,0.5999960000266665,2,1,1,0,1,0.0006416165120647,True,True,True,True,True
1522_T_C,0.9707253433941512,0.0005528648341788,0.7488629896554417,0.2925659025105027,0.3063636363636363,0.0628873994026856,0.8999910000899991,3,2,1,0,1,0.0007382723432936,True,True,True,True,True
15236_A_C,1.0,0.0001158047534345,0.3934411958162628,0.3119818351949641,0.3366666666666667,0.0790891423411397,0.4166631944733794,1,1,1,0,1,0.0002943381492991,True,True,True,True,True
15236_A_G,1.0,2.669067794703969e-05,0.1884497358273311,0.2563357609783867,0.2045454545454545,0.0790891423411397,0.1999996000008,1,1,0,0,1,0.0001416328753652,True,True,True,True,True
15271_C_T,0.888888888888889,9.764409836196346e-05,0.2672353918147976,0.2566201480130994,0.16,0.1506078601331538,0.363633057881292,3,1,1,0,1,0.0003653861028618,True,True,True,True,True
15297_T_C,0.92255982207669,0.0001371679061338,0.2332935569493031,0.4029320368278576,0.3489473684210527,0.0975873600028308,0.4285683673688045,5,1,1,0,1,0.0005879626849858,True,True,True,True,True
152_T_C,0.9449111825230682,0.0007444879682006,0.7817267628766954,0.3889453860640301,0.3388888888888889,0.1023728813559322,0.999985714489793,3,2,2,1,1,0.0009523634133504,True,True,True,True,True
1530_A_G,0.8641585652180932,2.4472591081843568e-05,0.1193580678308745,0.162739822180627,0.185,0.1007440336920917,0.1666661111129629,3,1,0,0,1,0.0002050350808,True,True,True,True,True
15313_T_C,0.9940857885197044,0.000223382211443,0.3675711396253128,0.1472979666575469,0.173859649122807,0.0274447049230456,0.5696195321271745,2,1,1,0,1,0.0006077251104936,True,True,True,True,True
15339_T_C,0.7895420339517228,5.142803707093973e-05,0.1222856053108895,0.3270999042451324,0.35,0.0801659751037343,0.2592582990433368,1,1,1,0,1,0.0004205567526954,True,True,True,True,True
15431_G_A,0.9916346611569236,0.0006868324599985,0.7234868731545924,0.1581503507166819,0.2149999999999999,0.0826097895699908,0.9999964285841836,3,2,1,1,1,0.000949336450299,True,True,True,True,True
15437_G_A,0.7773341405168512,2.654572574007861e-05,0.1219947411912354,0.3080142642642642,0.31,0.0419782282282282,0.1818173553756573,2,1,0,0,1,0.0002175972954314,True,True,True,True,True
15498_G_A,0.7595545253127501,0.0001451912316372,0.3341119794566533,0.1946980910821046,0.18,0.0558690094004113,0.4615349112699133,1,1,1,0,1,0.0004345585928208,True,True,True,True,True
1552_G_A,1.0,0.0004369790022683,0.721014064667706,0.1689684882610028,0.2281818181818182,0.1098891061872729,0.8095199546668825,1,1,1,0,1,0.0006060616896144,True,True,True,True,True
15530_T_C,0.9469711953471316,0.000214656756998,0.3824904099565413,0.1018329322375093,0.1862962962962963,0.1407137399832981,0.5555534979500076,2,1,1,0,1,0.0005612082065598,True,True,True,True,True
15575_G_A,0.9102338124991368,0.000682748686887,0.6590076687496214,0.3128900319388237,0.3272413793103448,0.0476579296127227,0.9999916667361104,5,1,1,1,1,0.0010360254049585,True,True,True,True,True
15612_G_A,0.9916599417710664,0.0006675913265876,0.8960807904342902,0.130182331514655,0.1337931034482758,0.1220611086209473,0.999996000016,1,1,1,1,1,0.0007450124293637,True,True,True,True,True
15699_G_A,0.8724975907282002,0.0004519862048617,0.6329341748157665,0.3312367870509737,0.3470588235294118,0.0900085223139121,0.818174380232907,3,1,1,0,1,0.0007141124983388,True,True,True,True,True
15724_A_G,0.937766257166342,0.0004903832732241,0.7524749236173649,0.2035688374367144,0.2289473684210526,0.0470909499550493,0.857136734737609,1,1,1,0,1,0.0006516938409943,True,True,True,True,True
15731_G_A,0.8757784135354126,0.0001112395301805,0.2733437142929186,0.2775350384655308,0.2629411764705882,0.0801822845603885,0.3888867284070644,2,2,1,0,2,0.0004069584349811,True,True,True,True,True
15774_T_C,0.9974644635008176,0.0006880259056389,0.713109245254453,0.0900652421687219,0.136551724137931,0.1142344475308067,0.9999979166710068,4,2,1,1,1,0.0009648253899631,True,True,True,True,True
15787_T_C,0.9663280998149338,8.431626358457188e-05,0.2540730897732887,0.2082256936152869,0.3386206896551723,0.1354647549806055,0.351851200275555,1,1,1,0,1,0.0003318582997507,True,True,True,True,True
15803_G_A,0.9220545004743584,0.0001400185622461,0.3083305192307172,0.1590705474766643,0.2566666666666666,0.1701767548602069,0.4444419753223593,3,1,1,0,1,0.0004541184005901,True,True,True,True,True
15837_T_C,0.9455475817694392,0.0001720426855682,0.2587452527286675,0.2729055056044676,0.3471428571428571,0.1746796969980361,0.4814796982233399,5,1,1,0,1,0.0006649114669889,True,True,True,True,True
15863_G_A,0.7035264706814486,8.53277566293608e-06,0.0647924784000901,0.3308754114255096,0.3314285714285714,0.054761054269895,0.0833326388946758,2,0,0,0,1,0.0001316939230236,True,True,True,True,True
15924_A_G,0.8973741602395415,0.0006512177445892,0.4998538104372332,0.1549902402733636,0.2996774193548387,0.2755232750082536,0.799994666702222,7,4,3,0,2,0.0013028164054998,True,True,True,True,True
15933_G_A,0.79378032811498,3.64268496673582e-05,0.1153358458067962,0.1561700138925345,0.2542105263157895,0.209167984430118,0.1999960000799984,4,1,0,0,1,0.0003158328567545,True,True,True,True,True
16000_G_A,0.9756525318245448,0.0003005859156063,0.4329509625659286,0.1461526971001135,0.2555555555555555,0.2162587829439666,0.5416644097316261,3,2,2,0,2,0.0006942724271241,True,True,True,True,True
16086_T_C,0.9966219923739656,0.0006680186565893,0.8856164777852805,0.328379222653397,0.2121739130434782,0.3196134385751872,0.999994736869806,2,1,1,1,1,0.0007542979081192,True,True,True,True,True
16093_T_C,0.9950693210887266,0.0046503226082399,0.9299163955781644,0.0669412670187638,0.2917073170731707,0.228063112078346,0.9999987654336228,9,9,8,6,7,0.0050007964483179,True,True,True,True,True
16147_C_T,0.9155856401702712,0.236175148793196,0.4467020337055203,0.0496109841353805,0.1136548877998452,0.1278921264724116,0.9999992307698224,856,843,821,735,718,0.5287084700153615,True,True,True,True,True
16178_T_C,0.9693191609548626,0.0005796387022628,0.8527108883151648,0.2814214475376317,0.3061904761904761,0.1110130728024646,0.9333271111525924,1,1,1,0,1,0.0006797599399817,True,True,True,True,True
16218_C_T,0.9986447835549086,0.00129167892447,0.9805065274488924,0.138393383930487,0.0837974683544303,0.1331091101694914,0.999987500156248,2,2,2,2,2,0.0013173588225167,True,True,True,True,True
16284_A_G,0.9244981612252988,0.000908247767509,0.8035852707380214,0.0849225683678658,0.1438461538461538,0.1788409042439752,0.9999954545661156,2,2,2,1,2,0.0011302444190831,True,True,True,True,True
16354_C_T,0.914659120760047,0.0006724649632338,0.8639635898635545,0.3482918769839205,0.3245454545454545,0.0497557717992749,0.999987500156248,3,1,1,1,1,0.0007783487303441,True,True,True,True,True
16399_A_G,0.9921707776637604,0.0006888511045204,0.7655199726781691,0.2694276875483372,0.3366666666666666,0.0692111368909512,0.9999933333777776,3,2,1,1,1,0.0008998473313642,True,True,True,True,True
1646_T_C,1.0,9.667003074019784e-05,0.3575551750880342,0.2493637139941266,0.29,0.0615429154603961,0.3809505669020623,1,1,1,0,1,0.0002703639535252,True,True,True,True,True
16526_G_A,0.8627652804480129,2.6973100822082105e-05,0.1140821373894988,0.2553784335682761,0.16,0.2550398524471379,0.1666662037049897,2,1,0,0,1,0.0002364357947641,True,True,True,True,True
1661_A_G,0.9890707100936807,0.0002776327438414,0.5570665638426352,0.2460481921510277,0.1915384615384615,0.0892386705759656,0.6428525510532068,2,1,1,0,1,0.0004983834282322,True,True,True,True,True
1688_A_G,0.9714927636075682,1.507776286555849e-05,0.0656988577734322,0.1830566316177827,0.18,0.1494355285002766,0.1085270476534514,2,1,0,0,1,0.0002294980974791,True,True,True,True,True
1746_A_G,0.8319327731092435,0.0005280588381274,0.7487593734621267,0.2079520373143095,0.1370588235294117,0.1028032974971316,0.8888790124554172,1,1,1,0,1,0.0007052450451281,True,True,True,True,True
1758_T_C,0.7738413334506794,0.0001767492284668,0.3450644088339984,0.2769543381030921,0.2933333333333333,0.0357348549012615,0.4999958333680552,4,1,1,0,1,0.0005122209765537,True,True,True,True,True
1759_T_C,0.7006490497453708,2.3378150921708293e-05,0.0682902012267876,0.3579882323767442,0.34,0.0458702856241123,0.090908264470323,5,0,0,0,1,0.0003423353643968,True,True,True,True,True
1777_A_G,1.0,4.780059023541812e-06,0.0566575551566405,0.2775086505190311,0.35,0.1407843137254902,0.0810809715122006,1,0,0,0,1,8.436754834066582e-05,True,True,True,True,True
1858_G_A,0.9823388552612672,0.0006772614467397,0.7662489557020115,0.0992056093435789,0.2638095238095238,0.252055560734595,0.9999923077514788,3,1,1,1,1,0.000883866061676,True,True,True,True,True
1885_A_G,0.9525793444156804,8.662691486735704e-06,0.0589853959144222,0.2925165868636334,0.29,0.0437541064565306,0.0869563327036245,2,0,0,0,1,0.0001468616316368,True,True,True,True,True
1906_G_A,0.8384446269601248,0.0001018823434145,0.2526738740401187,0.2541070126281042,0.16,0.0967972978159904,0.3749976562646483,2,1,1,0,1,0.0004032167702401,True,True,True,True,True
1953_A_G,0.6921374841860987,8.857907749015358e-05,0.190065810934787,0.2413330744489024,0.2843478260869565,0.0900029283648743,0.34615251479802,3,1,1,0,1,0.0004660442456983,True,True,True,True,True
1999_A_G,0.850420064270761,7.50869363557876e-06,0.0510078373747945,0.2069346815522059,0.1466666666666666,0.066522196744728,0.0714284985423484,2,0,0,0,1,0.0001472066651327,True,True,True,True,True
2003_A_G,0.902232223648758,0.0001639845410757,0.2965237299837013,0.2279013039599016,0.2528571428571429,0.0606585556850087,0.4210515235486222,2,2,2,0,2,0.0005530233316731,True,True,True,True,True
204_T_C,0.8400419520338925,0.0037163858269603,0.8312100986051294,0.1516720604099244,0.1,0.1600821508588499,0.999985714489793,10,9,8,4,4,0.0044710547107125,True,True,True,True,True
2086_A_G,0.985586696303728,7.635187805227225e-06,0.0672838629676499,0.1949051401292234,0.2145454545454545,0.0788456315074694,0.0999999444444753,1,0,0,0,1,0.0001134772509851,True,True,True,True,True
2087_T_C,0.9910135460759808,0.0005886399708809,0.7257306074859293,0.1998105416978183,0.2125,0.0719159926595527,0.91999632001472,3,2,1,0,2,0.0008110998279652,True,True,True,True,True
2098_G_C,0.9142258732819604,0.0006881315005693,0.655552831658985,0.2528136339195738,0.3183870967741935,0.0754078816646429,0.9999937500390624,4,2,1,1,1,0.0010496964811026,True,True,True,True,True
2099_T_C,0.9792135518035124,0.0007225900294876,0.7050296576941345,0.0939033407272971,0.1378947368421052,0.073102327978311,0.999985714489793,4,2,2,1,2,0.0010249072809942,True,True,True,True,True
2108_G_A,0.943879807448539,2.987366297948492e-05,0.1452096846794563,0.3215187342215112,0.3454545454545454,0.0651837595087526,0.1999993333355555,2,1,0,0,1,0.0002057277587609,True,True,True,True,True
2209_G_A,0.992272544590515,0.0006761953314521,0.7466228468905229,0.2097991213483607,0.225,0.1143895629323972,0.9999965517360284,4,1,1,1,1,0.0009056718988286,True,True,True,True,True
2233_T_C,0.9090648228942844,0.0002177090166787,0.5090801111258237,0.2860295993657523,0.2184615384615384,0.1415401909934778,0.5714244898250727,1,1,1,0,1,0.0004276517819509,True,True,True,True,True
2285_T_C,0.8803289913324941,0.0052458893709484,0.8653103716861574,0.1175430581828803,0.1714563106796116,0.1383936246418339,0.9999961538609466,13,12,10,4,11,0.0060624367193545,True,True,True,True,True
2289_G_A,0.92244098830131,0.00067299639794,0.8336666365500576,0.1492080437482298,0.21,0.1566735658728948,0.9999888890123444,3,1,1,1,1,0.0008072727975837,True,True,True,True,True
2333_G_A,0.9023749689904166,0.0003851231830227,0.1738642927547224,0.1422710539751788,0.2690291262135922,0.137403314917127,0.3809505669020623,19,10,6,0,6,0.0022150792259918,True,True,True,True,True
2401_A_G,0.9428090415820632,7.83315292295288e-06,0.0721603663886029,0.2112057780468818,0.3199999999999999,0.1330291497275322,0.0999996666677777,1,0,0,0,1,0.0001085520115123,True,True,True,True,True
2492_G_A,0.965759892234094,0.0004289749843821,0.5009641929012276,0.2131513190773035,0.1569565217391305,0.0789211534583585,0.7878764003745442,4,2,1,0,1,0.000856298694519,True,True,True,True,True
2492_G_C,0.7942912772950251,2.505454146783165e-05,0.0550510029943107,0.4137217491119487,0.3476923076923077,0.0789211534583585,0.0999990000099999,6,0,0,0,1,0.0004551150770208,True,True,True,True,True
2554_A_C,0.7559292199371981,0.000439200692849,0.466680352909312,0.2597457760505809,0.2597435897435897,0.1135258404668606,0.799994666702222,3,1,1,0,1,0.0009411167410648,True,True,True,True,True
2554_A_G,0.9968766894874602,0.000676255303603,0.7015843645255698,0.1787498168066944,0.2042857142857143,0.1135258404668606,0.9999983870993756,4,1,1,1,1,0.0009638973412133,True,True,True,True,True
2606_T_C,0.9918684165074644,0.0001977509019561,0.2725304744361681,0.2425852521302021,0.308235294117647,0.0751133073774582,0.5074619291612997,5,2,1,0,1,0.0007256102363057,True,True,True,True,True
2620_G_A,0.9826334085172032,0.0004621637457011,0.7696493590620945,0.1881873111782477,0.29,0.1021852970795569,0.8333287037294237,1,1,1,0,1,0.0006004861048209,True,True,True,True,True
2623_A_G,0.7601599180861324,0.0011490825132733,0.5145805399159666,0.1342506043271624,0.1759322033898305,0.1069088907239196,0.941170934288622,12,7,5,0,5,0.0022330469657111,True,True,True,True,True
2643_G_A,0.6898996582558501,6.59912441974352e-05,0.1457109969780609,0.1155660909809233,0.1,0.1061015163487225,0.2777762345764746,4,1,1,0,1,0.0004528913092768,True,True,True,True,True
2656_T_C,0.9761870601839528,0.0001378486677572,0.3018440728441646,0.1157863743734902,0.13,0.0912432497540802,0.4374972656420897,2,1,1,0,1,0.0004566883373203,True,True,True,True,True
2677_A_G,1.0,0.0001154429324719,0.4012360809745219,0.191039834822541,0.26,0.0946150012459506,0.4166649305627893,1,1,1,0,1,0.0002877182236242,True,True,True,True,True
2695_G_A,0.8770580193070291,8.012173087898983e-05,0.2198385628057333,0.271813370112341,0.2466666666666666,0.0698001909679244,0.3333317460393046,3,1,1,0,1,0.0003644571264314,True,True,True,True,True
2697_G_A,1.0,0.0006649175524699,0.9536857651462702,0.1294356326078938,0.13,0.0758797491700479,0.9999958333506944,1,1,1,1,1,0.0006972082176019,True,True,True,True,True
2735_G_A,0.970914132763845,0.0003238434168399,0.4661551425290687,0.183921947864956,0.26,0.0961126512367566,0.67999728001088,4,2,1,0,1,0.0006947116684865,True,True,True,True,True
2759_T_C,0.7884862245567702,4.123770485256149e-05,0.142808828592235,0.2315524676569237,0.1933333333333333,0.1478110525475163,0.23076834319868,2,1,1,0,1,0.0002887615930966,True,True,True,True,True
279_T_G,0.9433962264150944,0.0002896233967435,0.478960051533248,0.2423610061942891,0.24,0.2409034597371204,0.6470550173234275,4,1,1,0,1,0.0006046921780143,True,True,True,True,True
2810_G_A,0.9406905500033268,0.0003981408800894,0.6199965071024285,0.22886430633018,0.1723529411764706,0.1219183982306036,0.7692248521165221,2,1,1,0,1,0.0006421663275977,True,True,True,True,True
2885_T_C,0.8935067664750472,2.1586932044804847e-05,0.0659420169077549,0.143850993815109,0.1547826086956521,0.1353557274231405,0.1057691290681451,4,1,0,0,1,0.0003273623261327,True,True,True,True,True
2903_T_C,0.949582247175062,3.574248677425866e-05,0.1008988903427332,0.1409218663433994,0.2025925925925925,0.1346895937493674,0.1612901491503772,4,2,0,0,1,0.0003542406329033,True,True,True,True,True
2960_T_C,0.9531983099422422,0.0009048202421494,0.6915834752055217,0.1480159302221934,0.17,0.068144980868547,0.999995000025,6,2,2,1,2,0.001308331205977,True,True,True,True,True
2972_A_G,0.9999999999999998,0.0004274755770013,0.7176167522987741,0.2869565217391304,0.2833333333333333,0.1086622073578595,0.799994666702222,1,1,1,0,1,0.0005956878454021,True,True,True,True,True
3022_G_A,0.8308226113943309,0.0006532681132207,0.5303072077306692,0.1838076999872938,0.22,0.0416345682597883,0.9166590278414348,6,2,2,0,3,0.0012318673095472,True,True,True,True,True
3031_G_A,0.9861934073861024,0.0006715869852415,0.8516210025459531,0.110599965016617,0.1099999999999999,0.0609043204477872,0.9999937500390624,2,1,1,1,1,0.0007885984296228,True,True,True,True,True
3033_T_C,0.9402972572014912,0.0002830800034046,0.5006116156534945,0.3426956584043867,0.3369230769230769,0.0256365861231349,0.6499967500162499,1,1,1,0,1,0.0005654683082715,True,True,True,True,True
3047_G_A,0.9098701623718528,0.0006720788108641,0.8245501866084605,0.1490444788538693,0.2263157894736842,0.1158135163079236,0.999990909173553,2,1,1,1,1,0.000815085390531,True,True,True,True,True
3058_T_C,0.7738838815923973,0.000153489938083,0.3234537362735249,0.1254637446968184,0.1244444444444444,0.108662781197233,0.4705854671443109,3,1,1,0,1,0.0004745344414671,True,True,True,True,True
3094_G_A,0.995328777080982,0.0006881190253542,0.6373739344675506,0.1301922438030257,0.1564705882352941,0.0997395262581134,0.9999980392195308,5,2,1,1,1,0.0010796158865973,True,True,True,True,True
3114_T_C,0.9999999999999996,0.0006750023148401,0.8390644593298218,0.2976448415054019,0.3175,0.0821227591119553,0.999990909173553,3,2,1,1,1,0.0008044701540324,True,True,True,True,True
3173_G_A,0.758251939872002,9.224686871754908e-05,0.1603456146613754,0.1962509513686586,0.2247619047619047,0.2422738367057711,0.3333314814917695,4,1,1,0,1,0.0005753002282747,True,True,True,True,True
3244_G_A,0.8580269663937127,0.0012967215095163,0.5467027116140277,0.0978802044733291,0.2133333333333333,0.1498386637021834,0.9166590278414348,9,7,5,0,5,0.0023718951488059,True,True,True,True,True
3419_A_G,1.0,0.0006731364426452,0.7945483123802446,0.252368254432106,0.2319047619047618,0.0556326709526592,0.9999967742039542,3,1,1,1,1,0.0008471938485763,True,True,True,True,True
3464_T_C,0.9925323383280684,0.0006718056442604,0.7469459999192859,0.090842554979689,0.1218181818181818,0.0683450063034038,0.9999972973046016,2,1,1,1,1,0.0008994032290594,True,True,True,True,True
3540_T_C,0.9764088888900824,0.0006875563076333,0.6228955425721391,0.2646183447805544,0.3411111111111111,0.088445857080228,0.9999952381179136,5,2,1,1,1,0.001103806755133,True,True,True,True,True
3550_G_A,0.9808005188693208,0.0004154928298656,0.5748505283969869,0.1821914938194008,0.105135135135135,0.1599793281653747,0.7857114796018586,1,1,1,0,1,0.0007227841140275,True,True,True,True,True
3633_T_C,0.9066304508410974,0.0001340636055516,0.332742137687721,0.2316002514564317,0.2235294117647058,0.0719424049600261,0.4444419753223593,1,1,1,0,1,0.0004029054044169,True,True,True,True,True
3664_G_A,0.998209833918983,0.00020996258747,0.2258057543475944,0.139487502455908,0.2645054945054945,0.1430667226479129,0.5163930193499842,6,2,1,0,1,0.0009298371871732,True,True,True,True,True
3817_C_T,0.9754756603549092,0.0006738309581991,0.8297467126193722,0.1329842979900695,0.1861904761904761,0.102808772604848,0.9999937500390624,2,1,1,1,1,0.0008120923505342,True,True,True,True,True
3842_G_A,0.9771699602972128,0.0001175496613775,0.2698538992165207,0.1883905086383009,0.1766666666666667,0.0399725871825498,0.4117634948132505,1,1,1,0,1,0.0004356048280896,True,True,True,True,True
385_A_G,0.720576692122892,0.0006648435773589,0.9660001107049212,0.2326193737306947,0.18,0.2370958295942946,0.9999833336111064,1,1,1,1,1,0.0006882437900278,True,True,True,True,True
3913_G_A,0.968749380268472,0.0004870655474316,0.5033056561114719,0.2658257878296627,0.2585714285714285,0.0601736783836146,0.7368382271672255,4,3,2,0,2,0.0009677331091304,True,True,True,True,True
3918_G_A,0.9931927398014102,0.0009670266058816,0.7524885694095614,0.2395321038251366,0.265,0.0538866120218578,0.999994736869806,3,2,2,1,2,0.0012851047114781,True,True,True,True,True
3973_T_C,0.9424002054522902,2.1851874006422863e-05,0.0922007141783256,0.192417935852048,0.318235294117647,0.1714684390261814,0.1351349525203344,3,1,0,0,1,0.0002370033052472,True,True,True,True,True
3985_G_A,0.9952684662137422,0.0003438310863446,0.5142268107676161,0.1216896215458112,0.2425,0.1635831525431157,0.7090896198370548,4,1,1,0,1,0.000668637027757,True,True,True,True,True
4001_T_C,0.9244242899009312,0.0005660128331283,0.7070223975047611,0.194682790201396,0.19,0.1496034321789,0.9166590278414348,2,1,1,0,1,0.0008005585609818,True,True,True,True,True
4020_C_T,0.9925232596048368,3.031408345466442e-05,0.1573044694190802,0.221514120298758,0.28,0.072718433729615,0.2023807114515339,2,1,1,0,1,0.000192709613189,True,True,True,True,True
4048_G_A,0.9449111825230684,3.444319930724091e-06,0.0458434272607997,0.2475416243258031,0.2999999999999999,0.0753990463534745,0.0588231833930388,1,0,0,0,1,7.513225202665635e-05,True,True,True,True,True
405_T_C,0.7821611117462517,0.0001394665854462,0.3204157779902389,0.318286022612735,0.2842105263157894,0.0583139050791007,0.44999775001125,2,1,1,0,1,0.0004352675337056,True,True,True,True,True
4105_A_G,0.8702456709374129,0.000355477207056,0.5822646665572823,0.2524378879150195,0.2810526315789473,0.044914168884774,0.727266115762584,1,1,1,0,1,0.0006105079484864,True,True,True,True,True
4118_T_C,0.9255779603412434,0.0002383726613923,0.3862242111458526,0.2514967348084813,0.2845454545454545,0.0659071435687954,0.5882318339303887,3,1,1,0,1,0.0006171872568143,True,True,True,True,True
4134_A_G,0.9553843123977948,0.0004671345438335,0.6938360973570223,0.2535549532408322,0.21,0.0565066144926496,0.8333263889467588,3,1,1,0,1,0.0006732635353118,True,True,True,True,True
4136_A_G,0.763762615825973,5.5243791717822486e-05,0.1988779634843805,0.3020955756052579,0.2742857142857143,0.0628965592058872,0.249996875039062,2,2,1,0,1,0.0002777773401836,True,True,True,True,True
414_T_G,0.879407206337586,0.0006865555360959,0.6483528979629116,0.2024593324919366,0.2433333333333333,0.0939545645771981,0.9999923077514788,5,1,1,1,1,0.0010589225994872,True,True,True,True,True
4271_G_C,0.924645127421406,7.075074278709542e-05,0.0824444862429645,0.2839017133427944,0.2746938775510204,0.0512203751398319,0.136363016531743,10,4,0,0,2,0.0008581622132812,True,True,True,True,True
4334_A_G,0.789352217376326,0.0001950139612993,0.4523231996526158,0.1582730582440432,0.1966666666666666,0.1289875857495181,0.5384573964815655,1,1,1,0,1,0.0004311385342365,True,True,True,True,True
4338_T_C,0.8920300401850785,0.000684572341424,0.6742203611326659,0.164897237981947,0.1280952380952381,0.1708251768683348,0.999990909173553,7,1,1,1,1,0.0010153540012853,True,True,True,True,True
4651_T_C,0.9949215649325336,0.0003384335837681,0.4633804768592441,0.2254264326498364,0.2431578947368421,0.1093457872226164,0.70370240055111,3,1,1,0,1,0.0007303578822785,True,True,True,True,True
4674_A_G,0.9219746513999952,0.0003938021442532,0.6011863932375284,0.2342616018171409,0.2427272727272726,0.2806725637569019,0.7647013841095053,2,1,1,0,1,0.0006550416787255,True,True,True,True,True
4713_G_A,0.9471974496499888,6.714783805382862e-05,0.2053848770335904,0.1762640996839831,0.2410526315789473,0.1245779007939398,0.3076915187396955,2,1,1,0,1,0.0003269366227136,True,True,True,True,True
471_T_C,0.6637702011217725,0.0013408245537349,0.8600708395464547,0.1643445656721702,0.2366666666666667,0.2723558945640629,0.9999916667361104,3,3,2,2,2,0.0015589699035047,True,True,True,True,True
4775_A_G,0.905354101022068,2.693698887598368e-05,0.1258644903316141,0.1228271342883453,0.2728571428571429,0.1632531919659523,0.1914889542788206,1,1,0,0,1,0.0002140157943277,True,True,True,True,True
4783_A_G,1.0,0.0002999479254024,0.5137942679843203,0.2659792313664596,0.32,0.1439751552795031,0.666662962983539,2,1,1,0,1,0.0005837899410189,True,True,True,True,True
4813_T_C,0.8267935131987769,0.0016472806846989,0.6046180522021831,0.1969344559538983,0.27,0.1244620576988672,0.9999888890123444,8,4,4,1,4,0.0027244980177139,True,True,True,True,True
4844_A_C,0.6740503941391933,0.0001239469362325,0.2607510183514384,0.1307700366684128,0.1717391304347826,0.0917864561695055,0.4210504155241288,2,1,1,0,1,0.0004753459335124,True,True,True,True,True
4967_T_C,0.782992068027397,1.5247811880082375e-05,0.0867283109119746,0.1999336700852084,0.2144444444444444,0.0660293892545538,0.1176467128037858,2,1,0,0,1,0.0001758112399486,True,True,True,True,True
4986_A_G,0.9244242899009312,0.0005702178520345,0.7565385712659293,0.2267969873815858,0.2461904761904761,0.0328791673188292,0.9230698225398266,2,1,1,0,1,0.0007537194714082,True,True,True,True,True
5050_T_C,0.9263894203828958,0.0006936547806152,0.7869267033209595,0.1558853319373777,0.2163157894736841,0.1887360175819221,0.999987500156248,3,2,1,1,2,0.000881473176203,True,True,True,True,True
5075_T_C,0.8885233166386385,0.0005040376597479,0.6999173943625007,0.3922421265530193,0.35,0.1397847442935567,0.8571306124198226,3,2,1,0,1,0.0007201387818158,True,True,True,True,True
5123_A_G,0.9799578870122228,0.0006664426860279,0.9217901567795644,0.2051716308466526,0.2584615384615384,0.1188164134326913,0.9999888890123444,1,1,1,1,1,0.0007229874186944,True,True,True,True,True
5140_G_A,0.8886042349318384,9.418237147014996e-06,0.0590431001627066,0.2083319164984497,0.2199999999999999,0.041321273234804,0.0909089876034231,2,0,0,0,1,0.00015951461087,True,True,True,True,True
5152_T_C,0.8257228238447702,1.2771542444953273e-05,0.0657496734453401,0.1913429198711324,0.2546153846153846,0.0887412863343417,0.1111098765569271,2,1,0,0,1,0.0001942449562973,True,True,True,True,True
5239_T_C,0.9796986055966485,0.0001551607762206,0.2229968814167647,0.2118137461823058,0.2252941176470588,0.1149767834529337,0.4516121748190728,4,1,1,0,1,0.0006957979646839,True,True,True,True,True
5296_T_C,0.9374239873222217,0.0006770473200645,0.6732609306225484,0.1912136719863684,0.2736842105263158,0.2009000489157019,0.999995000025,2,1,1,1,1,0.0010056239553934,True,True,True,True,True
5595_G_A,0.8962526895433212,0.0008412640207952,0.4712586349926486,0.2664115625433677,0.3307692307692308,0.1089515016449114,0.8235245675025441,11,3,2,0,2,0.0017851429307143,True,True,True,True,True
5673_T_G,0.9979420000924072,0.0002600993629729,0.4118212547127026,0.2266968806722203,0.2280952380952381,0.0857390512926083,0.6184202389207383,1,1,1,0,1,0.0006315831443775,True,True,True,True,True
5807_A_G,0.9993305707123216,0.0006768616701638,0.7388352281695119,0.0880754405112643,0.0911111111111111,0.136634134339375,0.9999990566046636,4,1,1,1,1,0.0009161199200541,True,True,True,True,True
5858_T_C,0.8161001271141477,3.261256966401348e-05,0.1328757093478829,0.2283807086693345,0.2975,0.1315579061676755,0.2093018388329329,1,1,1,0,1,0.0002454366552326,True,True,True,True,True
588_T_C,0.839979954493429,0.0003862935927114,0.5072212460246533,0.2831097143956474,0.1423809523809523,0.1525403449577127,0.7499937500520829,3,1,1,0,1,0.0007615879574032,True,True,True,True,True
5923_T_C,0.9439082205000704,9.846577140285953e-06,0.0413334505637927,0.1596672684776255,0.2919047619047619,0.1635547859512973,0.0666662222251851,2,0,0,0,1,0.0002382229648378,True,True,True,True,True
5970_G_A,0.9914226659590152,0.0007250987911621,0.6915015510136698,0.1513613130894523,0.2578947368421053,0.2256677006283305,0.999996000016,4,2,2,1,2,0.0010485859216067,True,True,True,True,True
5973_G_A,0.78165118753976,3.88502516403531e-05,0.0647968419946298,0.1451670872524279,0.3133333333333333,0.1842494455914965,0.1124998593751757,7,1,0,0,1,0.0005995701402172,True,True,True,True,True
5986_T_C,0.7466003051443681,0.0002807628844876,0.4496058894264532,0.2569810670518188,0.2513043478260869,0.0781793131601775,0.6428525510532068,2,1,1,0,1,0.0006244644278253,True,True,True,True,True
6063_T_C,0.9560132657620234,0.0005053160977442,0.5618574404630423,0.1400699438242673,0.2785714285714286,0.1649269619530541,0.8571397959293002,5,1,1,0,1,0.0008993671016046,True,True,True,True,True
6081_G_A,0.8136468857937069,0.0010036715243715,0.3039445479383418,0.1194530176518955,0.1703649635036496,0.1216191552597429,0.6874957031518553,29,13,7,0,10,0.0033021534065323,True,True,True,True,True
6121_T_C,0.999405911131287,0.0001400718236817,0.2819708603285804,0.1741261052239823,0.3054098360655737,0.2364071219771459,0.4509799500196568,1,1,1,0,1,0.0004967599258964,True,True,True,True,True
6168_G_A,0.6812273147457318,0.00015100480311,0.2218930479391487,0.3122785829307569,0.32,0.0240060020494803,0.4444419753223593,5,1,1,0,1,0.0006805296718958,True,True,True,True,True
6211_G_A,0.9154903633375856,0.0002335978207413,0.4234277356689596,0.2576138201222312,0.3494117647058823,0.1151236518139231,0.5789443213456771,4,1,1,0,1,0.0005516828517912,True,True,True,True,True
6212_A_G,0.997628923753008,0.0006034835539595,0.8981776097011724,0.155390068499531,0.0817391304347825,0.1173125267818883,0.952376417255156,1,1,1,1,1,0.0006718977933109,True,True,True,True,True
6285_G_A,0.8324646219588149,0.0001754797607012,0.2876118826078493,0.2366021373412053,0.3342857142857143,0.1114896641030905,0.4999975000124999,3,1,1,0,1,0.0006101269499371,True,True,True,True,True
628_C_A,0.733037169501727,0.000170524071174,0.163696652094819,0.1452852206658252,0.18,0.0487008338333574,0.46153668639736,5,1,1,0,1,0.001041707750231,True,True,True,True,True
6345_T_C,0.9765674799238904,0.0006695635173516,0.8174936972550344,0.1970919719453848,0.2448387096774193,0.1031685351957361,0.999995000025,2,1,1,1,1,0.0008190442563653,True,True,True,True,True
6383_G_A,0.9946717124199852,0.0006693255479405,0.8214593008437895,0.0725284976741807,0.13,0.0922059500076675,0.9999974359040104,1,1,1,1,1,0.0008148006203752,True,True,True,True,True
6454_T_C,0.9877629653290688,2.2758848248241604e-05,0.0962486422043712,0.1485063887513978,0.1474999999999999,0.0764508973583384,0.124998437519531,2,2,0,0,1,0.0002364589019335,True,True,True,True,True
6495_T_C,0.9941037221861876,4.359578405827784e-05,0.1457850595461232,0.2089057344304979,0.2213043478260869,0.0688981447091491,0.2191777819482439,2,2,1,0,1,0.000299041508053,True,True,True,True,True
6532_T_C,0.6633249580710802,3.3549612940328755e-05,0.1235642755500892,0.1946466985237368,0.3133333333333333,0.1846340542227039,0.2083324652813946,2,1,1,0,1,0.0002715154747678,True,True,True,True,True
6565_A_G,0.8157245773062776,0.0001719274659671,0.3129480489254815,0.2164777778046908,0.2257142857142856,0.0388341613116532,0.4615349112699133,4,2,1,0,2,0.0005493802136086,True,True,True,True,True
6610_G_A,0.949331197558731,0.0004354108548017,0.4807450812230233,0.2163600471325897,0.1362499999999999,0.1035605365864062,0.7777734568141288,3,3,1,0,2,0.0009057000722588,True,True,True,True,True
6681_T_C,0.8017837257372729,4.286092655781332e-05,0.1981732993081381,0.2718305649259148,0.3366666666666666,0.1361983859259575,0.249996875039062,1,1,1,0,1,0.0002162800271653,True,True,True,True,True
6718_G_A,0.9979055356417864,0.0006720540725298,0.842102254520874,0.0566603174893191,0.1245098039215686,0.1387800900760987,0.9999978260916824,2,1,1,1,1,0.0007980670624284,True,True,True,True,True
6719_T_C,0.9845035192237308,0.000139920411952,0.280742429767682,0.1783793417561091,0.1599999999999999,0.1359725137629213,0.4444436214007011,3,1,1,0,1,0.0004983942472387,True,True,True,True,True
6722_G_A,0.943900401863794,0.0003103922619989,0.4062351849288173,0.254170824462832,0.3238709677419354,0.143971559065797,0.6666634920786092,4,1,1,0,1,0.0007640703550907,True,True,True,True,True
6786_G_A,0.9224409883013096,0.0001167678837879,0.3484143914396653,0.1478980112921206,0.2633333333333333,0.1182695004854892,0.4166649305627893,1,1,1,0,1,0.0003351408169606,True,True,True,True,True
6793_T_C,0.9653040959599096,0.0006773008205844,0.7852971610955373,0.1018412297808879,0.1982608695652173,0.1338308047493404,0.9999928571938772,3,1,1,1,1,0.0008624771031129,True,True,True,True,True
6844_T_C,0.9051595593786312,4.772017824973113e-05,0.1674368385676438,0.184377578768394,0.12,0.1126349543921444,0.2608684310068217,1,1,1,0,1,0.0002850040568011,True,True,True,True,True
6888_G_A,0.9075217114890026,6.96397435471818e-05,0.1214316835680713,0.1990780504595272,0.2438095238095238,0.0880395865702897,0.2195116597276591,6,3,1,0,2,0.0005734890722168,True,True,True,True,True
6904_G_A,0.9732359180662788,9.226303622074536e-05,0.2782172651156259,0.218693272478209,0.2052173913043478,0.0977433162585081,0.3636355371919609,2,1,1,0,1,0.0003316222527829,True,True,True,True,True
6922_G_A,0.8754592064079595,1.4100469807989216e-05,0.0674114044533985,0.1819162402935809,0.191578947368421,0.0615586714330337,0.1230767337281019,2,1,0,0,1,0.0002091703907124,True,True,True,True,True
6956_T_C,0.9827942980318172,0.0006728087676616,0.806523643798469,0.1442595252175381,0.2942857142857142,0.157397989355411,0.9999952381179136,3,1,1,1,2,0.0008342083618193,True,True,True,True,True
6967_G_A,0.9668807088639148,0.0006945103122229,0.5998638845662605,0.2869239315900162,0.2881818181818182,0.2148581405499782,0.9999952381179136,6,2,1,1,1,0.00115777983988,True,True,True,True,True
6971_T_C,0.9720537277098098,0.0006733192330221,0.7710708721345945,0.2409676472632628,0.2257142857142856,0.2434852498603377,0.9999941176816608,4,1,1,1,1,0.0008732261292119,True,True,True,True,True
697_G_A,0.8395509603222268,8.737612316349195e-05,0.2213288915420767,0.1238362368279658,0.1584210526315789,0.1213245507552088,0.3478245746757623,2,1,1,0,1,0.000394779563367,True,True,True,True,True
7000_T_C,0.9371108768871002,7.546021015728627e-05,0.2577417768197459,0.2033553726212054,0.1471428571428571,0.121824022396497,0.3333319444502314,1,1,1,0,1,0.0002927744624421,True,True,True,True,True
7022_T_C,0.9120669916092228,0.0003540780548484,0.3412775048857621,0.1655638108505533,0.16,0.1076441451900007,0.6842069252267093,8,2,1,0,1,0.001037507745982,True,True,True,True,True
7030_A_C,0.9837012013787132,6.843488236485821e-05,0.1429938299327157,0.2359584338019941,0.2851724137931034,0.0818956761313403,0.27118598104071,3,2,1,0,1,0.0004785862606593,True,True,True,True,True
7030_A_G,0.7404092595940723,8.915296983916503e-05,0.2766292907653653,0.1833043773259041,0.12,0.0818956761313403,0.3636347107513147,1,1,1,0,1,0.0003222831884233,True,True,True,True,True
7080_T_C,0.9411451291393784,0.0005919570294643,0.7383869389086095,0.1896420855958428,0.2139393939393939,0.0989976839687822,0.941170934288622,1,1,1,0,1,0.000801689464252,True,True,True,True,True
7158_A_G,0.7071067811865475,7.984931472787195e-05,0.2328761227588499,0.2401376361107904,0.2527272727272727,0.1361480944031279,0.3333311111259258,2,1,1,0,1,0.0003428832195499,True,True,True,True,True
7203_T_C,0.9757256537422532,0.0005922821538974,0.607478784927189,0.1510972081313644,0.0855555555555555,0.0924856273249915,0.9310312723059576,4,1,1,0,1,0.0009749840958946,True,True,True,True,True
721_T_C,0.7865985449234978,0.0001260228094521,0.2639467062219527,0.097091401086274,0.1044444444444444,0.0650346662523547,0.411762283751272,2,2,1,0,1,0.0004774555108339,True,True,True,True,True
7258_T_C,0.97534650146586,0.0006752131320166,0.8018843783519392,0.1760020178678947,0.2176923076923077,0.1872688808969748,0.9999944444753084,3,1,1,1,1,0.0008420330290065,True,True,True,True,True
7332_G_A,0.9811554052256656,3.3069932732530614e-05,0.143882545767936,0.2671368251962001,0.1899999999999999,0.1454975816461927,0.2162156318496436,1,1,1,0,1,0.0002298397804683,True,True,True,True,True
7375_A_G,0.9558835048220968,0.0006671367280776,0.8476090197829236,0.2499492802959967,0.2816666666666666,0.2180090367038725,0.9999928571938772,1,1,1,1,1,0.0007870807323976,True,True,True,True,True
7389_T_C,0.9677771306804794,0.0003498722196672,0.465421833692627,0.0972027220735795,0.2103703703703703,0.1655590876579512,0.7083303819567418,7,1,1,0,1,0.0007517314280067,True,True,True,True,True
7407_T_C,0.6736585630562786,0.0006885120100725,0.6049781510766958,0.1588372484080158,0.2133333333333333,0.1507178733577522,0.999985714489793,7,1,1,1,1,0.0011380774807275,True,True,True,True,True
7428_G_A,0.8588608661697009,0.0006007852163057,0.5718242971747354,0.2014169582205971,0.3311764705882353,0.2264931660737689,0.9333271111525924,7,1,1,0,1,0.0010506465347381,True,True,True,True,True
742_T_C,0.966726047364764,2.079738330283515e-05,0.0982949024240654,0.1915475018029824,0.1278947368421052,0.0967003094150582,0.1511626149271919,3,1,0,0,1,0.0002115815041263,True,True,True,True,True
7496_T_C,0.8697132390042313,0.0006806490950877,0.7255341081725837,0.1358463450633107,0.1909523809523809,0.0801047480037777,0.999990909173553,5,1,1,1,1,0.0009381352129704,True,True,True,True,True
7560_T_C,0.9556189340787526,0.0002274949475977,0.519927452722038,0.2057877813504823,0.1957894736842105,0.2195898911265301,0.583330902787905,1,1,1,0,1,0.0004375513283761,True,True,True,True,True
7595_G_A,0.7125253031944252,0.0001275697161197,0.2674959293255761,0.1907006638038353,0.2081818181818182,0.1031700789508898,0.3999960000399996,2,2,1,0,1,0.0004769033922924,True,True,True,True,True
7649_A_G,0.9156880180284752,8.396361496491156e-05,0.3010575239657769,0.2393349909804495,0.1644444444444444,0.1094907958795629,0.3529391003582331,1,1,1,0,1,0.0002788955873245,True,True,True,True,True
7859_G_A,0.94084020270189,0.0004763331261649,0.542587996741471,0.2565076318860986,0.1838461538461538,0.1009429228879392,0.8333263889467588,4,1,1,0,1,0.0008778910131177,True,True,True,True,True
7887_G_A,0.9602814721785424,9.121296520533644e-05,0.1886606669679834,0.1472047757573856,0.1414285714285714,0.0923929231388477,0.3541659288209816,2,1,1,0,1,0.0004834763211179,True,True,True,True,True
794_T_C,0.7934692785073404,7.457674261069475e-05,0.1684603682588348,0.1794034192131534,0.2572727272727273,0.092060143946412,0.3157878116430966,2,1,1,0,1,0.000442696067814,True,True,True,True,True
8033_A_C,1.0,0.0002170044739653,0.5632550597771762,0.1342551494332728,0.1746153846153846,0.0772921893293192,0.5714258503530936,1,1,1,0,1,0.0003852685745089,True,True,True,True,True
8058_A_G,1.0,1.3342082421450802e-05,0.1269520807758371,0.2734040375087015,0.2799999999999999,0.0608218336677449,0.1406247802737808,1,1,0,0,1,0.0001050954213583,True,True,True,True,True
809_G_A,0.9826453383297928,0.0006712756878246,0.7630143250269451,0.1000239943531098,0.1547826086956522,0.1658893235811079,0.9999968750097656,2,1,1,1,1,0.0008797681325327,True,True,True,True,True
8108_A_G,0.949991159485349,8.236970805814999e-05,0.1492847356188667,0.3313560596094939,0.3399999999999999,0.0498908161539474,0.2391299149349675,5,2,1,0,1,0.0005517624271274,True,True,True,True,True
8223_T_C,0.9437718555260513,9.096575051976144e-05,0.1579330832614234,0.1363034127463426,0.1228571428571428,0.0815805366232421,0.2708327690983977,5,2,2,0,1,0.0005759765379188,True,True,True,True,True
824_T_C,0.9526053258287636,0.0043657966180943,0.8278513420411545,0.0429471433026896,0.1757142857142857,0.1424139723463977,0.9999937500390624,12,10,10,4,10,0.0052736480529584,True,True,True,True,True
8269_G_A,0.8568414177605288,0.0002942883622593,0.3346544121462315,0.2548860720418283,0.3215384615384615,0.1838776022071733,0.5999960000266665,5,3,2,0,2,0.0008793798963294,True,True,True,True,True
834_G_A,0.9630248405909304,0.0002598025665995,0.379881659495774,0.2450190520756734,0.26,0.1262744835884751,0.5769208579967,3,3,1,0,2,0.0006839039477305,True,True,True,True,True
8415_T_C,0.9922514022035384,0.0005564637394104,0.6606543202175765,0.1848768947691229,0.23,0.2113940243581881,0.9047597505720224,4,1,1,0,1,0.0008422918345968,True,True,True,True,True
8496_T_C,0.8304547985373998,0.0006785880812177,0.8108174319590984,0.3473090323628203,0.2253846153846153,0.1729254088146282,0.9999888890123444,2,2,1,1,1,0.0008369184658229,True,True,True,True,True
8537_A_G,0.9751692463496756,0.0002752576880911,0.4474737152830054,0.2763505940372114,0.16,0.1188223186810947,0.4999916668055532,2,2,2,0,1,0.0006151371101586,True,True,True,True,True
8602_T_C,0.9080204686085463,3.5539876200875154e-05,0.0667877807543642,0.2904320875062787,0.3114285714285714,0.0912952523129505,0.1111098765569271,6,2,0,0,1,0.0005321314138522,True,True,True,True,True
8634_T_C,0.9752998117169313,0.0006768531715701,0.7145471229573416,0.1243736137353158,0.1602702702702703,0.0462992934117554,0.9999958333506944,6,1,1,1,1,0.0009472477739029,True,True,True,True,True
8706_A_G,0.9045721025464109,0.0001998821805491,0.397340718886245,0.276361327492724,0.1438461538461538,0.1596116860145973,0.5384573964815655,3,1,1,0,1,0.0005030498286443,True,True,True,True,True
8745_A_G,0.9403541362074952,0.0002544859725811,0.5378597932352502,0.3373292096163548,0.1863636363636364,0.1962942742408518,0.6153798816932178,2,1,1,0,1,0.0004731455590878,True,True,True,True,True
8777_T_G,0.976135749846662,7.714095833731875e-05,0.2539528938876138,0.110144825363574,0.1149999999999999,0.0367058776135036,0.3333323232353841,2,1,1,0,1,0.0003037608950085,True,True,True,True,True
879_T_C,0.7266376295437169,6.877841926246811e-05,0.1593294441305911,0.1515690979779377,0.31,0.2233792808378443,0.2857132653097667,3,1,1,0,1,0.0004316742560533,True,True,True,True,True
8851_T_C,0.972380313047913,0.0006667348972833,0.8839313217787305,0.335105514561901,0.2647058823529412,0.1042851061656081,0.999990909173553,1,1,1,1,1,0.0007542835974424,True,True,True,True,True
885_T_C,0.9872047769921398,0.0003071339604227,0.3865918089726592,0.1618184218021661,0.1630769230769231,0.128664318612842,0.6666652777806712,3,1,1,0,1,0.0007944657731856,True,True,True,True,True
8868_T_C,0.8886042349318385,8.404317100627051e-05,0.2646334438984234,0.1933911959178985,0.13,0.081946709544045,0.3499982500087499,1,1,1,0,1,0.0003175833325077,True,True,True,True,True
8912_T_C,0.8839233760694479,0.0003228360412653,0.4928002791983074,0.1639494735818318,0.2266666666666667,0.1906069005762637,0.6874957031518553,2,1,1,0,1,0.0006551052320639,True,True,True,True,True
9010_G_A,0.6505242640992098,0.0004382645737967,0.4905694613456388,0.1553243925820503,0.1576470588235294,0.035731352273868,0.7999920000799993,3,1,1,0,1,0.0008933792425532,True,True,True,True,True
9025_G_A,0.9507024354142524,2.89741722516185e-05,0.0943886691470408,0.1694418570408852,0.1718181818181818,0.0438628921516848,0.1688309495701953,3,1,0,0,1,0.0003069666360745,True,True,True,True,True
903_T_C,0.9986575058502508,0.0004492071712533,0.5490763872304375,0.0617751957988814,0.1537735849056604,0.1267510643909423,0.8108100803512789,3,1,1,0,1,0.0008181141671728,True,True,True,True,True
9058_A_G,0.7575704874652001,0.000158959554083,0.3045252070202114,0.3262158657003253,0.3429411764705882,0.1376131725590323,0.4666635555762962,3,2,1,0,1,0.0005219914490446,True,True,True,True,True
9238_T_C,0.9588434546658644,0.0018740414845861,0.8808566223253623,0.0968104120964061,0.1922580645161289,0.1526152441807394,0.9999956521928166,5,3,3,2,3,0.0021275215932859,True,True,True,True,True
9283_T_C,0.9327497648854194,0.0003821518470552,0.5633012042409111,0.1600953003830701,0.1705882352941176,0.0606431218661434,0.7499937500520829,3,1,1,0,1,0.000678414752495,True,True,True,True,True
9316_T_C,0.9349424733454216,8.056011526497156e-06,0.0402414648333117,0.1927398880116857,0.2699999999999999,0.1351563315132334,0.0588231833930388,3,0,0,0,1,0.0002001918061349,True,True,True,True,True
9343_G_A,0.9212846639876112,3.7147711789976144e-05,0.1360485040477397,0.1307649925831744,0.2415384615384616,0.1658494031221304,0.2272723829206319,1,1,1,0,1,0.0002730475579278,True,True,True,True,True
9349_T_C,0.935326651851391,0.0002071386964178,0.4282451824940189,0.2551959737470293,0.3218181818181818,0.1729315582731864,0.5555524691529492,1,1,1,0,1,0.0004836918309541,True,True,True,True,True
9429_G_A,0.9564936340971828,0.0002410768308775,0.1795495663755891,0.1736248242092147,0.3221505376344086,0.148898426323319,0.3220333524858432,8,7,3,0,4,0.001342675650763,True,True,True,True,True
9489_G_A,0.9373575026607416,0.0003214580347501,0.3162139876861364,0.0919823344181983,0.1307142857142857,0.0946375960136649,0.5882318339303887,7,3,2,0,2,0.0010165838554531,True,True,True,True,True
9601_T_C,0.9710292692249278,8.583850076611708e-05,0.1590382021708609,0.1184668613290023,0.22375,0.1803189467500604,0.2835816662960204,5,2,1,0,1,0.0005397351051157,True,True,True,True,True
9632_A_G,0.9460036647617238,0.0006719164132262,0.8057446730050236,0.1506390036577961,0.2003703703703703,0.104702119152339,0.9999937500390624,2,1,1,1,1,0.0008339073601571,True,True,True,True,True
9655_G_A,0.9572629334155556,0.000187324791442,0.3223186194978448,0.1337483024808095,0.2629268292682927,0.1774656623836951,0.5208322482661494,2,1,1,0,1,0.0005811789332364,True,True,True,True,True
9705_A_G,0.9301500992935284,0.0002165027946936,0.4442630642315284,0.2262205665323025,0.2425,0.0437760743628714,0.5624964843969725,2,1,1,0,1,0.0004873301701732,True,True,True,True,True
9716_T_C,0.8661421449994804,4.4685748183137566e-05,0.1002349708791693,0.1433967382902305,0.219047619047619,0.0826917034958004,0.2040812161607833,5,1,1,0,1,0.000445809958253,True,True,True,True,True
9728_C_T,0.9349760478260096,0.0055497500505549,0.4370217345824515,0.0338208882339976,0.1057938718662951,0.1041796614687458,0.8799964800140799,61,51,36,0,41,0.0126990252689776,True,True,True,True,True
9746_G_A,0.9432004657781226,0.0006702264514235,0.7821315521564601,0.2686393776087071,0.2914814814814814,0.1363694721825962,0.9999916667361104,1,1,1,1,1,0.0008569229173476,True,True,True,True,True
9786_G_A,0.9126974624653182,0.0006875489058148,0.6938467877460015,0.1284801643253782,0.13,0.0478214702247288,0.999990000099999,5,2,1,1,2,0.0009909232383252,True,True,True,True,True
9799_T_C,0.7643315266056598,3.113848194427888e-05,0.1132955752958093,0.1515505077206351,0.2033333333333333,0.0696198931690154,0.1999990000049999,1,1,0,0,1,0.0002748428776938,True,True,True,True,True
9804_G_A,0.972170223698574,0.002535078478052,0.740903362616367,0.0699171702223866,0.0955882352941176,0.1079506418036706,0.999994736869806,10,9,7,3,8,0.0034216047678605,True,True,True,True,True
9819_G_A,0.9769263041862352,0.0001820485318287,0.3424968620995003,0.1803411659281587,0.2394117647058823,0.1764612936851923,0.5106372114101885,3,1,1,0,1,0.0005315334298621,True,True,True,True,True
9840_T_C,0.8483186624010379,0.0013190293232936,0.6561787748600014,0.1537662468698691,0.0994117647058823,0.1021362856697333,0.9999923077514788,6,4,4,1,4,0.0020101676156396,True,True,True,True,True
991_G_A,0.8697132390042311,0.0004690139813439,0.6436862751444857,0.1515186577957766,0.12,0.0660738047026736,0.8333263889467588,3,1,1,0,1,0.0007286375357913,True,True,True,True,True
9942_G_A,0.8386278693775348,5.387812394874166e-06,0.0547399847460502,0.3223052994528146,0.315,0.2891964620343302,0.071428061228134,1,0,0,0,1,9.84255370159364e-05,True,True,True,True,True
